{
  "total_return": 0.06854959291500351,
  "cagr": 1.3049635939163409,
  "sharpe": 1.6925517101347678,
  "sortino": 2.843515923772158,
  "max_drawdown": -0.12849959541818567,
  "max_drawdown_duration_days": 8,
  "annual_volatility": 0.5688556476730677,
  "calmar": 10.155390681733293,
  "win_rate": 0.5333333333333333,
  "profit_factor": 1.2679591126672705,
  "var_95": -0.04663221037804198,
  "cvar_95": -0.051703130768828875
}
