{
  "total_return": 0.258874073348222,
  "cagr": 0.3979516661308673,
  "sharpe": 1.6939853219139147,
  "sortino": 1.887201917619815,
  "max_drawdown": -0.09894398892384809,
  "max_drawdown_duration_days": 102,
  "annual_volatility": 0.2098374991736987,
  "calmar": 4.021989313945585,
  "win_rate": 0.23412698412698413,
  "profit_factor": 1.4210878509888758,
  "var_95": -0.016296673634011445,
  "cvar_95": -0.0243178658163163
}
